City_ID,City,Country,Date,Lat,Lng,Max Temp,Humidity,Cloudiness,Wind Speed
0,Vaini,TO,2021-03-04 04:44:37,-21.2,-175.2,82.4,78,75,11.5
1,Kanniyakumari,IN,2021-03-04 04:44:38,8.0833,77.5667,82.62,58,0,16.33
2,Kosh-Agach,RU,2021-03-04 04:44:38,50.0,88.6667,1.51,81,7,1.86
3,Yumen,CN,2021-03-04 04:44:38,40.2833,97.2,43.75,48,70,9.31
4,Puerto Ayora,EC,2021-03-04 04:41:09,-0.7393,-90.3518,75.99,96,50,2.98
5,Punta Arenas,CL,2021-03-04 04:44:39,-53.15,-70.9167,50.0,71,40,5.75
6,Hilo,US,2021-03-04 04:43:24,19.7297,-155.09,75.2,50,1,6.91
7,Nikolskoye,RU,2021-03-04 04:44:40,59.7035,30.7861,27.0,86,0,8.95
8,Saint George,US,2021-03-04 04:41:01,37.1041,-113.5841,57.0,24,90,12.66
9,Kodiak,US,2021-03-04 04:44:40,57.79,-152.4072,33.8,60,1,13.8
10,Tiksi,RU,2021-03-04 04:42:01,71.6872,128.8694,-12.96,89,100,10.2
11,Rikitea,PF,2021-03-04 04:44:41,-23.1203,-134.9692,80.58,80,64,7.58
12,Port Blair,IN,2021-03-04 04:44:41,11.6667,92.75,86.0,74,40,10.36
13,Bredasdorp,ZA,2021-03-04 04:44:42,-34.5322,20.0403,66.2,94,66,6.91
14,Longyearbyen,SJ,2021-03-04 04:44:42,78.2186,15.6401,5.0,61,20,11.5
15,Busselton,AU,2021-03-04 04:44:42,-33.65,115.3333,78.21,64,26,13.18
16,Te Anau,NZ,2021-03-04 04:44:43,-45.4167,167.7167,56.57,48,35,10.16
17,New Waterford,US,2021-03-04 04:44:43,40.8451,-80.6145,39.0,68,43,4.72
18,Rapina,EE,2021-03-04 04:44:44,58.0981,27.4636,33.01,93,20,3.44
19,Ndioum,SN,2021-03-04 04:44:44,16.5129,-14.6471,74.14,19,22,10.78
20,Norman Wells,CA,2021-03-04 04:44:44,65.282,-126.8329,-22.0,76,20,2.3
21,Butaritari,KI,2021-03-04 04:44:45,3.0707,172.7902,81.57,81,29,18.79
22,Berbera,SO,2021-03-04 04:44:45,10.4396,45.0143,76.95,73,4,1.1
23,Port Alfred,ZA,2021-03-04 04:41:52,-33.5906,26.891,69.01,93,93,1.01
24,Ushuaia,AR,2021-03-04 04:42:13,-54.8,-68.3,48.2,76,0,4.61
25,Jamestown,US,2021-03-04 04:44:46,42.097,-79.2353,34.0,98,90,8.84
26,Bonavista,CA,2021-03-04 04:44:46,48.6499,-53.1147,24.01,92,60,6.91
27,Soyo,AO,2021-03-04 04:44:46,-6.1349,12.3689,79.93,86,100,4.12
28,Murom,RU,2021-03-04 04:44:46,55.5656,42.0417,32.72,97,100,18.5
29,Bluff,NZ,2021-03-04 04:44:47,-46.6,168.3333,66.0,51,27,5.01
30,Hobart,AU,2021-03-04 04:44:47,-42.8794,147.3294,69.8,28,0,13.8
31,Molina,CL,2021-03-04 04:44:47,-35.1167,-71.2833,71.6,60,0,3.44
32,Eagle Pass,US,2021-03-04 04:44:48,28.7091,-100.4995,62.01,47,16,8.12
33,Petropavlovsk-Kamchatskiy,RU,2021-03-04 04:41:34,53.0452,158.6483,17.6,49,75,11.18
34,Phek,IN,2021-03-04 04:44:48,25.6667,94.5,72.81,25,5,2.75
35,Upernavik,GL,2021-03-04 04:44:49,72.7868,-56.1549,-9.98,83,100,18.88
36,Barrow,US,2021-03-04 04:42:04,71.2906,-156.7887,-18.4,69,20,5.75
37,Rundu,NA,2021-03-04 04:44:49,-17.9333,19.7667,62.35,81,21,4.12
38,Mayo,US,2021-03-04 04:44:50,38.8876,-76.5119,46.4,70,1,9.93
39,Husavik,IS,2021-03-04 04:44:50,66.0449,-17.3389,30.2,86,0,12.17
40,Hami,CN,2021-03-04 04:42:03,42.8,93.45,47.05,48,55,10.54
41,Dingle,PH,2021-03-04 04:43:51,10.9995,122.6711,85.03,71,96,15.61
42,Dikson,RU,2021-03-04 04:42:31,73.5069,80.5464,-25.46,81,30,12.26
43,Albany,US,2021-03-04 04:42:04,42.6001,-73.9662,35.6,69,90,9.22
44,Seoul,KR,2021-03-04 04:40:00,37.5683,126.9778,51.8,46,90,5.75
45,Bosaso,SO,2021-03-04 04:44:51,11.2842,49.1816,77.32,73,65,2.73
46,Komsomolskiy,UZ,2021-03-04 04:43:06,40.4272,71.7189,42.8,75,78,4.61
47,Chokurdakh,RU,2021-03-04 04:44:52,70.6333,147.9167,-16.96,88,100,16.53
48,Lamar,US,2021-03-04 04:44:52,33.6668,-95.5836,50.0,62,1,4.61
49,Sorland,NO,2021-03-04 04:44:52,67.667,12.6934,34.09,82,98,21.14
50,Kapaa,US,2021-03-04 04:44:52,22.0752,-159.319,71.6,73,75,16.11
51,Vardo,NO,2021-03-04 04:44:53,70.3705,31.1107,21.2,73,75,11.5
52,Bethel,US,2021-03-04 04:44:53,41.3712,-73.414,35.6,64,20,4.18
53,Japura,ID,2021-03-04 04:44:53,-0.3167,102.35,92.12,49,47,3.47
54,Narsaq,GL,2021-03-04 04:44:54,60.9167,-46.05,48.2,31,75,46.04
55,Ponta Do Sol,PT,2021-03-04 04:44:54,32.6667,-17.1,60.01,75,57,3.0
56,Constitucion,CL,2021-03-04 04:42:44,-35.3333,-72.4167,63.9,63,0,7.58
57,Arbuzynka,UA,2021-03-04 04:44:55,47.9097,31.3196,32.79,91,0,8.14
58,Ganzhou,CN,2021-03-04 04:44:55,28.8184,115.4327,59.0,67,45,2.37
59,Bathsheba,BB,2021-03-04 04:44:55,13.2167,-59.5167,78.8,69,75,19.57
60,Hermanus,ZA,2021-03-04 04:44:55,-34.4187,19.2345,64.99,94,99,10.85
61,Norton,ZW,2021-03-04 04:44:56,-17.8833,30.7,60.01,93,61,1.01
62,Ribeira Grande,PT,2021-03-04 04:42:29,38.5167,-28.7,61.2,91,100,14.54
63,Klaksvik,FO,2021-03-04 04:43:13,62.2266,-6.589,24.8,93,85,8.01
64,Mataura,NZ,2021-03-04 04:44:56,-46.1927,168.8643,66.0,51,11,5.01
65,Timbiqui,CO,2021-03-04 04:44:57,2.7717,-77.6654,74.86,91,88,2.84
66,Erenhot,CN,2021-03-04 04:44:57,43.6475,111.9767,41.54,60,67,8.66
67,Llandrindod Wells,GB,2021-03-04 04:44:58,52.2416,-3.3787,39.0,95,100,1.01
68,Atuona,PF,2021-03-04 04:44:58,-9.8,-139.0333,80.06,74,60,9.78
69,Horadiz,AZ,2021-03-04 04:44:58,39.4488,47.3353,42.8,65,75,6.91
70,Willowmore,ZA,2021-03-04 04:44:59,-33.2926,23.4895,61.63,79,3,5.06
71,Georgetown,MY,2021-03-04 04:44:45,5.4112,100.3354,87.8,66,20,6.91
72,Winnemucca,US,2021-03-04 04:44:59,40.973,-117.7357,35.6,48,1,4.61
73,Northam,GB,2021-03-04 04:45:00,51.0333,-4.2167,45.0,95,90,3.0
74,Souillac,MU,2021-03-04 04:43:24,-20.5167,57.5167,78.8,89,40,3.44
75,Saint-Philippe,RE,2021-03-04 04:42:08,-21.3585,55.7679,86.0,58,0,2.3
76,Hithadhoo,MV,2021-03-04 04:45:00,-0.6,73.0833,82.67,69,15,10.54
77,Kangaatsiaq,GL,2021-03-04 04:45:01,68.3065,-53.4641,21.69,95,100,13.06
78,Iqaluit,CA,2021-03-04 04:43:45,63.7506,-68.5145,-2.2,78,90,26.46
79,Neuquen,AR,2021-03-04 04:45:01,-38.9516,-68.0591,68.0,88,0,15.23
80,Cape Town,ZA,2021-03-04 04:44:23,-33.9258,18.4232,66.99,88,75,13.8
81,Faanui,PF,2021-03-04 04:45:02,-16.4833,-151.75,82.98,75,100,12.71
82,Kavieng,PG,2021-03-04 04:45:02,-2.5744,150.7967,83.64,72,63,11.14
83,Bengkulu,ID,2021-03-04 04:45:02,-3.8004,102.2655,86.79,61,39,8.01
84,Avarua,CK,2021-03-04 04:45:03,-21.2078,-159.775,82.4,78,100,3.44
85,Sao Filipe,CV,2021-03-04 04:45:03,14.8961,-24.4956,70.45,77,65,7.52
86,Severo-Kurilsk,RU,2021-03-04 04:45:04,50.6789,156.125,26.02,81,96,36.86
87,Tirumullaivasal,IN,2021-03-04 04:45:05,11.2333,79.8333,83.26,51,0,8.5
88,Kristiinankaupunki,FI,2021-03-04 04:45:05,62.2743,21.376,23.67,95,0,5.7
89,Saint-Paul,RE,2021-03-04 04:45:06,-21.0096,55.2707,75.99,84,9,1.68
90,Maloy,NO,2021-03-04 04:45:06,61.9353,5.1136,33.01,80,40,9.22
91,Francisco Sa,BR,2021-03-04 04:45:06,-16.4758,-43.4883,68.0,83,0,2.3
92,Pali,IN,2021-03-04 04:45:07,25.7667,73.3333,82.81,15,0,2.42
93,Yellowknife,CA,2021-03-04 04:45:04,62.456,-114.3525,-11.2,64,20,8.05
94,Dharchula,IN,2021-03-04 04:45:07,29.85,80.5333,71.96,20,14,4.21
95,Torbay,CA,2021-03-04 04:41:56,47.6666,-52.7314,23.0,86,90,18.41
96,New Norfolk,AU,2021-03-04 04:41:44,-42.7826,147.0587,69.8,26,0,18.41
97,Mahebourg,MU,2021-03-04 04:41:21,-20.4081,57.7,78.8,89,40,3.44
98,San Cristobal,VE,2021-03-04 04:45:08,7.7669,-72.225,64.92,61,66,1.48
99,Gumdag,TM,2021-03-04 04:45:08,39.2061,54.5906,47.93,72,98,11.92
100,Rio Gallegos,AR,2021-03-04 04:44:48,-51.6226,-69.2181,50.0,93,20,6.91
101,Arraial Do Cabo,BR,2021-03-04 04:45:09,-22.9661,-42.0278,76.26,82,3,24.16
102,Clyde River,CA,2021-03-04 04:45:09,70.4692,-68.5914,-22.0,76,1,4.61
103,Saint-Pierre,RE,2021-03-04 04:45:09,-21.3393,55.4781,86.0,58,0,2.3
104,Douglas,US,2021-03-04 04:45:10,41.3,-96.167,46.99,75,1,6.24
105,Talnakh,RU,2021-03-04 04:43:12,69.4865,88.3972,-17.07,76,56,10.51
106,Ojinaga,MX,2021-03-04 04:45:10,29.5667,-104.4167,66.2,20,1,6.91
107,Kungurtug,RU,2021-03-04 04:45:10,50.5994,97.5228,15.66,87,99,1.57
108,Toamasina,MG,2021-03-04 04:45:11,-18.1667,49.3833,77.0,88,20,3.44
109,Poum,NC,2021-03-04 04:45:11,-20.2333,164.0167,76.14,82,100,12.26
110,Tevriz,RU,2021-03-04 04:45:11,57.509,72.4042,25.48,92,97,8.81
111,Serdobsk,RU,2021-03-04 04:45:11,52.4586,44.2169,27.43,90,100,17.74
112,Chuy,UY,2021-03-04 04:45:12,-33.6971,-53.4616,71.2,93,65,8.68
113,Sohag,EG,2021-03-04 04:45:12,26.557,31.6948,44.74,68,0,8.93
114,Kearney,US,2021-03-04 04:42:05,40.6995,-99.0815,44.6,57,1,10.36
115,Mareeba,AU,2021-03-04 04:45:12,-17.0,145.4333,91.99,43,100,12.66
116,Acarau,BR,2021-03-04 04:45:13,-2.8856,-40.12,78.01,85,64,10.45
117,Letnyaya Stavka,RU,2021-03-04 04:45:13,45.4306,43.4472,32.59,94,15,12.46
118,Cabo San Lucas,MX,2021-03-04 04:45:14,22.8909,-109.9124,69.8,26,20,14.25
119,Goderich,CA,2021-03-04 04:45:14,43.7501,-81.7165,32.0,86,99,13.8
120,Karratha,AU,2021-03-04 04:43:53,-20.7377,116.8463,87.91,47,24,10.92
121,Caravelas,BR,2021-03-04 04:44:23,-17.7125,-39.2481,73.76,87,91,2.3
122,Kenai,US,2021-03-04 04:45:14,60.5544,-151.2583,17.6,79,1,2.44
123,Puerto Escondido,MX,2021-03-04 04:45:15,15.85,-97.0667,78.8,73,1,4.7
124,Kirakira,SB,2021-03-04 04:45:15,-10.4544,161.9205,80.22,84,99,11.99
125,Mendi,PG,2021-03-04 04:45:16,-6.1761,143.6513,60.1,96,99,2.53
126,Lompoc,US,2021-03-04 04:41:09,34.6391,-120.4579,46.4,87,20,3.67
127,Kondratovo,RU,2021-03-04 04:45:16,57.9804,56.1066,21.2,93,90,6.71
128,Namibe,AO,2021-03-04 04:45:16,-15.1961,12.1522,72.91,88,0,2.35
129,Isangel,VU,2021-03-04 04:45:16,-19.55,169.2667,80.44,82,92,19.48
130,Hofn,IS,2021-03-04 04:45:17,64.2539,-15.2082,35.11,78,40,8.14
131,Anadyr,RU,2021-03-04 04:45:18,64.75,177.4833,6.8,85,90,60.4
132,Ahipara,NZ,2021-03-04 04:45:18,-35.1667,173.1667,68.95,70,3,9.01
133,Korla,CN,2021-03-04 04:45:19,41.7597,86.1469,46.62,51,98,5.41
134,Provideniya,RU,2021-03-04 04:41:47,64.3833,-173.3,-4.0,77,0,11.18
135,Naron,ES,2021-03-04 04:45:19,43.5167,-8.1528,53.01,100,0,6.91
136,Tual,ID,2021-03-04 04:45:20,-5.6667,132.75,82.99,73,93,14.9
137,Mar Del Plata,AR,2021-03-04 04:42:25,-38.0023,-57.5575,71.01,88,20,8.05
138,Saskylakh,RU,2021-03-04 04:45:20,71.9167,114.0833,-34.01,80,40,0.65
139,Qaanaaq,GL,2021-03-04 04:45:21,77.484,-69.3632,-23.62,79,82,4.32
140,Yulara,AU,2021-03-04 04:45:21,-25.2406,130.9889,102.2,12,31,11.5
141,Esperance,AU,2021-03-04 04:45:21,-33.8667,121.9,64.4,94,75,12.66
142,Sindang,ID,2021-03-04 04:45:22,-7.0047,108.335,83.88,63,100,1.7
143,Bundaberg,AU,2021-03-04 04:43:13,-24.85,152.35,82.99,54,90,19.57
144,Inirida,CO,2021-03-04 04:45:22,3.8653,-67.9239,74.05,85,8,1.43
145,Kapoeta,SS,2021-03-04 04:45:22,4.7717,33.5903,88.16,25,90,21.14
146,Vestmannaeyjar,IS,2021-03-04 04:45:23,63.4427,-20.2734,39.38,79,92,12.44
147,Ballina,AU,2021-03-04 04:45:23,-28.8667,153.5667,77.0,50,75,11.5
148,Rocha,UY,2021-03-04 04:43:26,-34.4833,-54.3333,68.45,94,84,6.11
149,Nanortalik,GL,2021-03-04 04:45:24,60.1432,-45.2371,38.25,76,100,23.22
150,Isla Vista,US,2021-03-04 04:42:57,34.4133,-119.861,48.99,81,1,6.22
151,Saldanha,ZA,2021-03-04 04:45:24,-33.0117,17.9442,64.4,88,13,10.36
152,Shorapani,GE,2021-03-04 04:45:25,42.0898,43.0866,35.6,93,75,2.3
153,Alyangula,AU,2021-03-04 04:42:33,-13.8483,136.4192,90.68,57,44,6.15
154,Henties Bay,NA,2021-03-04 04:45:25,-22.116,14.2845,68.92,73,0,4.76
155,Nouadhibou,MR,2021-03-04 04:45:26,20.931,-17.0347,62.6,82,0,17.27
156,Sterling,US,2021-03-04 04:45:26,39.0062,-77.4286,44.01,65,1,6.91
157,Kambam,ID,2021-03-04 04:45:27,5.2505,96.8629,86.22,64,17,15.59
158,Tuktoyaktuk,CA,2021-03-04 04:45:27,69.4541,-133.0374,-23.8,76,75,4.61
159,Hambantota,LK,2021-03-04 04:45:27,6.1241,81.1185,84.2,74,40,10.36
160,Castro,BR,2021-03-04 04:45:27,-24.7911,-50.0119,62.8,96,100,3.56
161,Naze,JP,2021-03-04 04:45:28,28.3667,129.4833,71.6,56,75,13.8
162,Bubaque,GW,2021-03-04 04:45:28,11.2833,-15.8333,77.45,68,0,4.07
163,Cherskiy,RU,2021-03-04 04:45:28,68.75,161.3,2.07,94,100,1.74
164,Arkhara,RU,2021-03-04 04:45:29,49.4212,130.0842,27.48,98,99,6.04
165,Adrar,MR,2021-03-04 04:45:29,20.5022,-10.0711,65.28,23,97,10.27
166,Dembi Dolo,ET,2021-03-04 04:45:30,8.5333,34.8,68.31,53,85,3.29
167,Lavrentiya,RU,2021-03-04 04:41:56,65.5833,-171.0,-12.96,88,99,6.55
168,East London,ZA,2021-03-04 04:45:30,-33.0153,27.9116,69.8,88,90,8.05
169,Faya,SA,2021-03-04 04:45:30,18.3851,42.4509,57.2,82,0,11.5
170,Galiakot,IN,2021-03-04 04:45:31,23.5167,74.0,86.74,8,0,0.94
171,Kwinana,AU,2021-03-04 04:45:31,-32.25,115.7667,80.6,61,75,14.97
172,Bayshore Gardens,US,2021-03-04 04:45:31,27.4253,-82.5904,62.01,77,90,9.22
173,Marica,BR,2021-03-04 04:42:14,-22.9194,-42.8186,84.0,83,0,2.3
174,Ossora,RU,2021-03-04 04:45:32,59.2353,163.0719,-1.26,80,95,19.64
175,Lebu,CL,2021-03-04 04:45:32,-37.6167,-73.65,59.4,85,0,16.49
176,Codrington,AU,2021-03-04 04:45:33,-38.2667,141.9667,62.82,71,100,15.26
177,Tocopilla,CL,2021-03-04 04:45:33,-22.092,-70.1979,68.4,84,6,3.02
178,Kodinsk,RU,2021-03-04 04:45:33,58.6881,99.1844,-9.58,85,91,6.17
179,Tuatapere,NZ,2021-03-04 04:45:33,-46.1333,167.6833,66.0,51,74,5.01
180,Nome,US,2021-03-04 04:42:22,64.5011,-165.4064,-2.2,71,1,8.05
181,Aripuana,BR,2021-03-04 04:45:34,-9.1667,-60.6333,70.21,98,100,1.48
182,Ewa Beach,US,2021-03-04 04:42:48,21.3156,-158.0072,75.2,57,1,8.05
183,Dmitriyevskoye,RU,2021-03-04 04:45:34,45.8053,41.8967,32.56,95,50,9.28
184,Capitan Bado,PY,2021-03-04 04:45:35,-23.2667,-55.5333,70.43,93,23,11.79
185,Soubre,CI,2021-03-04 04:45:35,5.7856,-6.6083,74.52,96,55,3.24
186,Makakilo City,US,2021-03-04 04:45:36,21.3469,-158.0858,75.2,57,1,8.05
187,Broome,US,2021-03-04 04:42:15,42.2506,-75.833,34.0,80,90,5.75
188,Tasiilaq,GL,2021-03-04 04:45:36,65.6145,-37.6368,32.0,69,90,10.36
189,Port Keats,AU,2021-03-04 04:45:36,-14.25,129.55,90.03,64,76,7.96
190,Eyl,SO,2021-03-04 04:45:37,7.9803,49.8164,78.4,69,25,16.84
191,Kupang,ID,2021-03-04 04:45:37,-10.1667,123.5833,84.2,89,75,14.97
192,Aklavik,CA,2021-03-04 04:45:37,68.2191,-135.0107,-20.2,76,97,3.44
193,Ukholovo,RU,2021-03-04 04:45:38,53.7929,40.4892,34.0,73,100,20.54
194,Pangkalanbuun,ID,2021-03-04 04:44:36,-2.6833,111.6167,84.87,79,71,3.02
195,Alenquer,BR,2021-03-04 04:45:38,-1.9417,-54.7383,77.0,88,75,13.8
196,Kiunga,PG,2021-03-04 04:45:39,-6.1219,141.2906,85.19,73,100,6.2
197,Victoria,HK,2021-03-04 04:45:11,22.2855,114.1577,66.99,89,91,1.99
198,Bardiyah,LY,2021-03-04 04:45:39,31.7561,25.0865,53.37,71,0,5.21
199,Thompson,CA,2021-03-04 04:45:40,55.7435,-97.8558,10.4,92,1,2.3
200,Ancud,CL,2021-03-04 04:44:19,-41.8697,-73.8203,53.01,87,40,5.75
201,Elmadag,TR,2021-03-04 04:45:40,39.9208,33.2308,30.99,86,0,1.14
202,Hasaki,JP,2021-03-04 04:45:41,35.7333,140.8333,55.0,58,75,8.05
203,Ca Mau,VN,2021-03-04 04:45:41,9.1769,105.15,92.95,42,0,16.93
204,Mingyue,CN,2021-03-04 04:45:41,43.1069,128.9217,45.54,57,8,9.15
205,Darnah,LY,2021-03-04 04:43:04,32.767,22.6367,55.51,71,15,16.78
206,Margate,GB,2021-03-04 04:45:42,51.3813,1.3862,44.01,91,100,1.99
207,Pajapan,MX,2021-03-04 04:45:42,18.25,-94.7,69.85,86,48,5.75
208,Kuminskiy,RU,2021-03-04 04:45:43,58.6667,66.5667,20.26,97,100,7.36
209,Vila Velha,BR,2021-03-04 04:45:43,-20.3297,-40.2925,73.4,94,20,3.44
210,Palmer,US,2021-03-04 04:45:44,42.1584,-72.3287,39.2,56,75,8.05
211,Khatanga,RU,2021-03-04 04:45:44,71.9667,102.5,-30.05,88,0,6.87
212,Bara,NG,2021-03-04 04:45:44,10.3744,10.7288,73.6,19,5,10.25
213,Ginir,ET,2021-03-04 04:45:45,7.1333,40.7,60.67,57,0,5.08
214,Tilichiki,RU,2021-03-04 04:44:35,60.4667,166.1,0.95,80,100,21.23
215,Olga,RU,2021-03-04 04:45:45,43.7444,135.2892,41.41,72,20,17.16
216,Mehamn,NO,2021-03-04 04:45:46,71.0357,27.8492,28.4,69,40,16.11
217,Kumo,NG,2021-03-04 04:45:46,10.0447,11.2122,71.94,20,37,13.11
218,Kuching,MY,2021-03-04 04:45:46,1.55,110.3333,87.01,83,40,8.05
219,Along,IN,2021-03-04 04:45:47,28.1667,94.7667,78.15,34,78,2.53
220,Cayenne,GF,2021-03-04 04:45:47,4.9333,-52.3333,79.0,89,75,2.3
221,Kjopsvik,NO,2021-03-04 04:45:47,68.097,16.3742,28.99,100,90,12.66
222,Sobolevo,RU,2021-03-04 04:45:47,54.4299,31.8996,30.83,97,69,9.73
223,Bolton,GB,2021-03-04 04:40:51,53.5833,-2.4333,39.99,76,67,7.2
224,Bambous Virieux,MU,2021-03-04 04:45:48,-20.3428,57.7575,82.0,89,40,3.44
225,Vanimo,PG,2021-03-04 04:45:48,-2.6741,141.3028,83.03,75,65,10.71
226,Zhigansk,RU,2021-03-04 04:45:49,66.7697,123.3711,-27.33,82,100,8.39
227,Geraldton,AU,2021-03-04 04:45:49,-28.7667,114.6,82.4,57,75,17.27
228,Oudtshoorn,ZA,2021-03-04 04:45:49,-33.5907,22.2014,57.2,94,0,4.61
229,Ayagoz,KZ,2021-03-04 04:42:51,47.9714,80.4392,14.86,79,5,2.82
230,Porto Novo,BJ,2021-03-04 04:45:50,6.4965,2.6036,84.2,84,40,12.66
231,Viransehir,TR,2021-03-04 04:45:50,37.2353,39.7631,49.35,61,10,17.0
232,La Asuncion,VE,2021-03-04 04:45:51,11.0333,-63.8628,73.35,91,0,8.39
233,Marzuq,YE,2021-03-04 04:45:51,14.4,46.4667,70.32,29,0,4.72
234,Egvekinot,RU,2021-03-04 04:45:51,66.3167,-179.1667,-4.32,95,100,11.92
235,Newport,GB,2021-03-04 04:45:52,51.5877,-2.9984,44.01,93,92,10.58
236,Thunder Bay,CA,2021-03-04 04:45:52,48.4001,-89.3168,15.8,67,1,4.61
237,Hay River,CA,2021-03-04 04:42:16,60.8156,-115.7999,-9.4,77,96,3.44
238,Wuwei,CN,2021-03-04 04:45:52,37.9281,102.6414,51.4,33,64,14.18
239,Sioux Lookout,CA,2021-03-04 04:45:05,50.1001,-91.917,15.8,62,1,3.44
240,Vila Franca Do Campo,PT,2021-03-04 04:42:35,37.7167,-25.4333,60.8,94,75,13.8
241,Nantucket,US,2021-03-04 04:45:53,41.2835,-70.0995,37.99,76,3,16.2
242,Penalva,BR,2021-03-04 04:43:15,-3.2942,-45.1736,72.48,98,27,2.24
243,Diffa,NE,2021-03-04 04:45:54,13.3154,12.6113,68.94,28,54,10.96
244,Usakos,NA,2021-03-04 04:45:54,-22.0,15.6,73.33,51,0,8.19
245,Marsh Harbour,BS,2021-03-04 04:45:54,26.5412,-77.0636,73.35,83,57,13.6
246,Kruisfontein,ZA,2021-03-04 04:45:54,-34.0033,24.7314,62.01,94,0,1.01
247,Nata,PA,2021-03-04 04:45:55,8.3333,-80.5167,74.62,70,10,9.4
248,Krasnoarmeysk,RU,2021-03-04 04:45:55,51.0239,45.6969,25.0,72,89,8.99
249,Katsuyama,JP,2021-03-04 04:45:55,36.0617,136.501,62.6,36,75,14.97
250,Lata,PT,2021-03-04 04:42:13,40.1629,-8.3327,57.0,89,100,1.01
251,Pasighat,IN,2021-03-04 04:45:55,28.0667,95.3333,84.76,28,62,1.99
252,De-Kastri,RU,2021-03-04 04:45:56,51.4667,140.7833,28.94,89,100,3.87
253,Srandakan,ID,2021-03-04 04:45:56,-7.9386,110.2506,86.32,64,100,6.78
254,Chany,RU,2021-03-04 04:45:57,55.3121,76.7647,28.45,98,100,18.57
255,Kikwit,CD,2021-03-04 04:45:57,-5.041,18.8162,72.34,87,100,1.28
256,Airai,TL,2021-03-04 04:45:57,-8.9266,125.4092,73.74,81,17,2.8
257,Touros,BR,2021-03-04 04:45:57,-5.1989,-35.4608,75.2,94,40,4.61
258,Samarai,PG,2021-03-04 04:43:37,-10.6167,150.6667,84.45,74,100,12.75
259,Zhanakorgan,KZ,2021-03-04 04:45:58,43.9098,67.2495,42.1,73,48,10.8
260,Glebychevo,RU,2021-03-04 04:45:59,60.4387,28.7183,22.03,96,0,8.41
261,Veraval,IN,2021-03-04 04:45:59,20.9,70.3667,83.93,26,0,7.74
262,Sabang,ID,2021-03-04 04:45:59,5.8933,95.3214,82.99,78,16,20.83
263,Debre Birhan,ET,2021-03-04 04:46:00,9.6833,39.5333,52.45,46,1,4.76
264,Loikaw,MM,2021-03-04 04:46:00,19.6742,97.2094,87.08,24,0,10.98
265,Xiaolingwei,CN,2021-03-04 04:46:00,32.0333,118.85,64.0,47,0,4.47
266,Nanakuli,US,2021-03-04 04:46:01,21.3906,-158.1547,75.2,57,1,8.05
267,Mount Gambier,AU,2021-03-04 04:46:01,-37.8333,140.7667,66.2,63,90,12.66
268,Grand-Lahou,CI,2021-03-04 04:46:01,5.1367,-5.0242,79.52,88,41,10.87
269,Chernyshevskiy,RU,2021-03-04 04:46:02,63.0128,112.4714,-24.79,85,3,7.56
270,Nola,IT,2021-03-04 04:46:02,40.922,14.5329,48.0,87,3,2.3
271,Cidreira,BR,2021-03-04 04:41:20,-30.1811,-50.2056,74.55,91,64,1.99
272,Selma,US,2021-03-04 04:46:03,36.5708,-119.6121,51.01,66,20,5.57
273,Carnarvon,AU,2021-03-04 04:46:03,-24.8667,113.6333,82.4,65,40,11.5
274,Port Elizabeth,ZA,2021-03-04 04:46:04,-33.918,25.5701,64.4,94,20,5.75
275,Sakakah,SA,2021-03-04 04:46:04,29.9697,40.2064,50.0,53,0,13.8
276,Ilinskiy,RU,2021-03-04 04:46:04,55.619,38.1182,37.4,87,75,13.42
277,Vao,NC,2021-03-04 04:42:16,-22.6667,167.4833,79.27,84,100,11.72
278,Viedma,AR,2021-03-04 04:46:05,-40.8135,-62.9967,69.76,86,98,8.05
279,Ixtapa,MX,2021-03-04 04:46:06,20.7,-105.2,73.0,90,5,1.01
280,Severnoye,RU,2021-03-04 04:46:06,56.3491,78.3619,22.12,97,100,16.55
281,Acajutla,SV,2021-03-04 04:46:06,13.5928,-89.8275,77.77,57,11,7.65
282,Stornoway,GB,2021-03-04 04:46:07,58.2093,-6.3865,42.8,93,75,14.97
283,Tadine,NC,2021-03-04 04:46:07,-21.55,167.8833,81.21,83,98,10.22
284,Laguna,US,2021-03-04 04:44:27,38.421,-121.4238,50.0,75,53,5.99
285,Mayumba,GA,2021-03-04 04:46:07,-3.432,10.6554,80.26,87,100,6.15
286,Nago,JP,2021-03-04 04:46:08,26.5881,127.9761,73.4,60,90,12.66
287,Goundam,ML,2021-03-04 04:46:08,16.4145,-3.6708,73.09,16,24,11.1
288,Turukhansk,RU,2021-03-04 04:45:01,65.8167,87.9833,-6.43,95,100,18.97
289,Bennington,US,2021-03-04 04:46:08,42.8781,-73.1968,37.4,64,90,5.75
290,Kiama,AU,2021-03-04 04:46:09,-34.6833,150.8667,77.0,64,1,8.01
291,Inhumas,BR,2021-03-04 04:46:09,-16.3578,-49.4961,73.4,78,75,1.14
292,Harbin,CN,2021-03-04 04:46:09,45.75,126.65,39.0,80,75,8.95
293,Guasdualito,VE,2021-03-04 04:46:10,7.2424,-70.7324,76.48,45,84,2.42
294,College,US,2021-03-04 04:43:19,64.8569,-147.8028,0.0,71,40,3.44
295,Povenets,RU,2021-03-04 04:46:10,62.8487,34.8262,9.7,95,28,6.87
296,Almaznyy,RU,2021-03-04 04:46:11,48.0448,40.045,28.4,86,0,8.95
297,Vestmanna,FO,2021-03-04 04:46:11,62.1564,-7.1664,24.8,93,23,5.53
298,Takhtamygda,RU,2021-03-04 04:46:11,54.1,123.5667,-1.89,82,100,12.44
299,Pervomayskoye,RU,2021-03-04 04:46:12,43.919,46.7102,36.39,72,24,15.14
300,Yangambi,CD,2021-03-04 04:46:12,0.8102,24.4336,72.14,84,100,2.28
301,Buala,SB,2021-03-04 04:46:12,-8.145,159.5921,81.19,79,100,8.34
302,Pevek,RU,2021-03-04 04:46:12,69.7008,170.3133,3.36,80,100,10.63
303,Port Arthur,CN,2021-03-04 04:46:13,38.8,121.2667,51.8,58,0,6.71
304,Auki,SB,2021-03-04 04:45:42,-8.7676,160.7034,81.36,82,93,7.7
305,Gualeguay,AR,2021-03-04 04:46:13,-33.1416,-59.3097,72.72,84,96,7.85
306,Sitka,US,2021-03-04 04:43:15,57.0531,-135.33,37.4,87,75,5.75
307,Katsuura,JP,2021-03-04 04:46:14,35.1333,140.3,54.0,54,75,4.61
308,Saint Marys,US,2021-03-04 04:42:17,30.7305,-81.5465,50.0,89,1,5.75
309,Talara,PE,2021-03-04 04:46:14,-4.5772,-81.2719,75.7,76,95,5.99
310,Nishihara,JP,2021-03-04 04:46:15,26.1842,127.7558,73.4,64,40,18.41
311,Maun,BW,2021-03-04 04:46:15,-19.9833,23.4167,64.4,100,66,3.44
312,Burnie,AU,2021-03-04 04:43:36,-41.0667,145.9167,64.0,57,55,24.0
313,Vargashi,RU,2021-03-04 04:46:15,55.3556,65.8467,28.58,99,100,11.61
314,Ribas Do Rio Pardo,BR,2021-03-04 04:46:16,-20.4431,-53.7592,73.85,80,100,5.37
315,Honiara,SB,2021-03-04 04:43:01,-9.4333,159.95,80.38,82,98,6.53
316,Warren,US,2021-03-04 04:46:17,39.4334,-84.1666,48.2,71,1,9.22
317,Ostrovnoy,RU,2021-03-04 04:46:17,68.0531,39.5131,14.58,93,100,13.73
318,Christchurch,NZ,2021-03-04 04:42:31,-43.5333,172.6333,66.2,63,20,12.66
319,Fethiye,TR,2021-03-04 04:46:18,36.6217,29.1164,48.2,46,0,13.8
320,Rondonopolis,BR,2021-03-04 04:46:18,-16.4708,-54.6356,72.81,91,83,3.09
321,Hamilton,US,2021-03-04 04:45:05,39.1834,-84.5333,46.4,61,1,6.91
322,Wanning,CN,2021-03-04 04:46:19,18.8003,110.3967,76.53,76,88,5.93
323,Yerbogachen,RU,2021-03-04 04:46:19,61.2767,108.0108,-18.9,88,8,5.77
324,Reconquista,AR,2021-03-04 04:46:19,-29.15,-59.65,76.1,70,93,4.7
325,Trinidad,BO,2021-03-04 04:46:20,-14.8333,-64.9,74.55,95,82,4.68
326,Los Llanos De Aridane,ES,2021-03-04 04:46:20,28.6585,-17.9182,60.8,67,0,5.75
327,Port Lincoln,AU,2021-03-04 04:46:20,-34.7333,135.8667,67.39,58,0,11.95
328,Coihaique,CL,2021-03-04 04:46:21,-45.5752,-72.0662,50.0,87,20,3.44
329,Buin,CL,2021-03-04 04:46:21,-33.7333,-70.75,68.0,64,0,4.61
330,Nurota,UZ,2021-03-04 04:46:22,40.5614,65.6886,51.8,50,45,6.91
331,Merauke,ID,2021-03-04 04:46:22,-8.4667,140.3333,83.84,76,100,9.46
332,Sao Joao Da Barra,BR,2021-03-04 04:46:23,-21.6403,-41.0511,75.02,89,99,13.71
333,Namatanai,PG,2021-03-04 04:46:23,-3.6667,152.4333,82.33,77,50,7.96
334,Santa Rosa,PH,2021-03-04 04:43:07,14.3122,121.1114,89.6,58,40,11.5
335,Najran,SA,2021-03-04 04:42:12,17.4924,44.1277,62.6,31,0,4.61
336,Fort Nelson,CA,2021-03-04 04:46:23,58.8053,-122.7002,8.6,72,75,6.91
337,Arzgir,RU,2021-03-04 04:46:24,45.3728,44.2206,32.81,90,5,14.03
338,Bima,ID,2021-03-04 04:46:24,-8.4667,118.7167,86.88,69,100,2.39
339,Quatre Cocos,MU,2021-03-04 04:46:24,-20.2078,57.7625,82.0,89,40,3.44
340,Berlevag,NO,2021-03-04 04:46:25,70.8578,29.0864,28.4,69,40,16.11
341,Leningradskiy,RU,2021-03-04 04:46:25,69.3833,178.4167,-11.25,86,100,25.1
342,Mitsamiouli,KM,2021-03-04 04:46:25,-11.3847,43.2844,82.42,77,100,14.72
343,Asau,RO,2021-03-04 04:44:05,46.4333,26.4,30.2,93,3,2.3
344,Conceicao Do Araguaia,BR,2021-03-04 04:46:26,-8.2578,-49.2647,73.0,94,100,0.89
345,Haines Junction,CA,2021-03-04 04:46:04,60.7522,-137.5108,17.6,62,98,9.22
346,Dzilam Gonzalez,MX,2021-03-04 04:46:09,21.2833,-88.9333,73.56,90,16,6.49
347,Pisco,PE,2021-03-04 04:46:26,-13.7,-76.2167,73.4,78,40,9.22
348,Kisangani,CD,2021-03-04 04:46:26,0.5167,25.2,73.0,80,99,1.5
349,Fairbanks,US,2021-03-04 04:45:32,64.8378,-147.7164,0.0,78,90,2.53
350,Zhangye,CN,2021-03-04 04:46:27,38.9342,100.4517,45.79,43,17,14.9
351,Priboj,BA,2021-03-04 04:46:27,44.6028,18.9314,26.6,86,0,1.14
352,Guerrero Negro,MX,2021-03-04 04:43:09,27.9769,-114.0611,59.41,75,3,9.84
353,Aykino,RU,2021-03-04 04:46:28,62.2248,49.9922,13.12,97,100,3.87
354,Half Moon Bay,US,2021-03-04 04:46:28,37.4636,-122.4286,50.0,81,90,5.75
355,Yeppoon,AU,2021-03-04 04:46:28,-23.1333,150.7333,77.0,73,40,14.97
356,Wajid,SO,2021-03-04 04:46:29,3.8093,43.2471,75.65,65,22,18.97
357,Umm Lajj,SA,2021-03-04 04:43:56,25.0213,37.2685,67.12,59,0,12.01
358,Jodhpur,IN,2021-03-04 04:46:29,26.2867,73.03,83.35,19,0,7.63
359,Taft,IR,2021-03-04 04:42:49,31.7471,54.2088,48.2,43,0,4.61
360,Porosozero,RU,2021-03-04 04:46:30,62.7191,32.727,12.99,97,69,5.12
361,Neiafu,TO,2021-03-04 04:46:30,-18.65,-173.9833,82.4,78,75,5.75
362,Redcar,GB,2021-03-04 04:46:30,54.6166,-1.06,37.99,93,100,1.99
363,Yoichi,JP,2021-03-04 04:46:30,43.2039,140.7703,39.0,70,20,23.02
364,Bagdarin,RU,2021-03-04 04:46:31,54.4333,113.6,-6.34,71,0,8.08
365,Belyy Yar,RU,2021-03-04 04:46:31,53.6039,91.3903,24.8,58,0,6.71
366,Traverse City,US,2021-03-04 04:46:31,44.7631,-85.6206,28.4,69,90,8.05
367,Redmond,US,2021-03-04 04:46:31,47.674,-122.1215,45.0,78,52,1.66
368,Colombo,LK,2021-03-04 04:46:32,6.9319,79.8478,84.2,65,20,4.61
369,Teguise,ES,2021-03-04 04:46:32,29.0605,-13.564,59.0,77,75,4.61
370,Presidente Medici,BR,2021-03-04 04:46:32,-11.1753,-61.9014,71.26,97,100,2.82
371,Castleblayney,IE,2021-03-04 04:46:33,54.1167,-6.7333,37.99,78,99,4.0
372,Kardla,EE,2021-03-04 04:46:33,58.9978,22.7492,32.0,80,0,18.41
373,Qaqortoq,GL,2021-03-04 04:46:33,60.7167,-46.0333,48.2,31,75,46.04
374,Sola,VU,2021-03-04 04:46:34,-13.8833,167.55,78.15,88,100,18.12
375,Owosso,US,2021-03-04 04:46:34,42.9978,-84.1766,30.99,86,1,4.61
376,Beringovskiy,RU,2021-03-04 04:46:34,63.05,179.3167,23.99,93,100,46.44
377,Fukue,JP,2021-03-04 04:46:34,32.6881,128.8419,60.8,67,75,11.5
378,Njinikom,CM,2021-03-04 04:46:34,6.2333,10.2833,64.63,23,99,2.66
379,Vicksburg,US,2021-03-04 04:46:35,32.3526,-90.8779,42.8,100,1,0.83
380,Dudinka,RU,2021-03-04 04:46:35,69.4058,86.1778,-9.22,81,100,9.8
381,Harper,LR,2021-03-04 04:46:35,4.375,-7.7169,79.0,88,32,7.45
382,Vincennes,FR,2021-03-04 04:46:35,48.85,2.4333,50.0,93,73,2.3
383,Road Town,VG,2021-03-04 04:46:36,18.4167,-64.6167,77.0,90,0,16.15
384,Tarauaca,BR,2021-03-04 04:46:36,-8.1614,-70.7656,70.54,97,75,1.77
385,Noumea,NC,2021-03-04 04:45:22,-22.2763,166.4572,80.6,78,20,2.3
386,Songea,TZ,2021-03-04 04:46:36,-10.6833,35.65,66.2,94,75,2.3
387,Paamiut,GL,2021-03-04 04:42:55,61.994,-49.6678,42.58,61,100,9.66
388,Salinopolis,BR,2021-03-04 04:46:37,-0.6136,-47.3561,77.31,88,98,8.66
389,Inuvik,CA,2021-03-04 04:46:37,68.3499,-133.7218,-20.2,76,95,3.44
390,Kachiry,KZ,2021-03-04 04:46:37,53.0675,76.1036,27.79,96,100,18.28
391,Carutapera,BR,2021-03-04 04:46:38,-1.195,-46.02,75.25,90,9,4.12
392,Pacific Grove,US,2021-03-04 04:42:50,36.6177,-121.9166,53.6,76,1,5.75
393,Ilinskaya,RU,2021-03-04 04:46:39,45.7219,40.7211,32.81,94,0,8.08
394,Finschhafen,PG,2021-03-04 04:46:39,-6.6024,147.8681,85.68,69,66,22.68
395,Dundalk,US,2021-03-04 04:46:39,39.2507,-76.5205,46.0,45,1,5.75
396,Aquiraz,BR,2021-03-04 04:46:40,-3.9014,-38.3911,82.99,78,75,9.22
397,Chicama,PE,2021-03-04 04:46:40,-7.8447,-79.1469,75.25,71,64,4.41
398,Salalah,OM,2021-03-04 04:46:40,17.0151,54.0924,71.6,68,0,3.44
399,Dubti,ET,2021-03-04 04:46:41,11.7361,41.0853,74.75,58,0,10.22
400,Jalu,LY,2021-03-04 04:43:32,29.0331,21.5482,45.64,72,0,4.79
401,Metkovic,HR,2021-03-04 04:46:41,43.0542,17.6483,28.4,93,0,1.14
402,Pangody,RU,2021-03-04 04:46:41,65.85,74.4859,10.35,92,97,12.06
403,Kropotkin,RU,2021-03-04 04:46:42,45.4375,40.5756,32.88,93,3,8.34
404,Ponnani,IN,2021-03-04 04:46:42,10.767,75.9252,84.2,61,20,3.44
405,Teseney,ER,2021-03-04 04:46:42,15.11,36.6575,68.16,74,2,7.43
406,Gimli,CA,2021-03-04 04:46:43,50.6336,-96.9907,23.0,80,0,6.31
407,Luderitz,NA,2021-03-04 04:46:43,-26.6481,15.1594,67.05,61,0,12.68
408,Kaitangata,NZ,2021-03-04 04:46:43,-46.2817,169.8464,57.99,74,50,8.01
409,Venado Tuerto,AR,2021-03-04 04:46:43,-33.7456,-61.9688,71.01,99,99,1.99
410,Santa Cruz,BO,2021-03-04 04:45:03,-17.8,-63.1667,73.4,94,75,8.05
411,Sladkovo,RU,2021-03-04 04:46:44,55.5284,70.3385,27.93,94,100,14.72
412,Alice Springs,AU,2021-03-04 04:42:56,-23.7,133.8833,95.0,15,0,10.36
413,Kavaratti,IN,2021-03-04 04:46:44,10.5669,72.642,82.87,65,1,7.56
414,Srednekolymsk,RU,2021-03-04 04:42:32,67.45,153.6833,-21.06,86,100,16.6
415,Cariamanga,EC,2021-03-04 04:46:45,-4.3333,-79.55,52.38,97,94,0.51
416,Chiredzi,ZW,2021-03-04 04:46:45,-21.05,31.6667,67.96,91,33,3.31
417,Beipiao,CN,2021-03-04 04:46:46,41.7919,120.7792,57.7,36,0,14.2
418,Aljezur,PT,2021-03-04 04:46:46,37.3191,-8.8033,56.16,81,100,10.45
419,Bud,US,2021-03-04 04:46:46,39.447,-86.1758,44.6,70,1,4.61
420,Calabozo,VE,2021-03-04 04:46:46,8.9242,-67.4293,73.98,54,18,8.77
421,Abu Samrah,SY,2021-03-04 04:46:46,35.3029,37.1841,46.08,88,57,8.57
422,Lerwick,GB,2021-03-04 04:46:47,60.1545,-1.1494,35.6,69,90,14.97
423,Molchanovo,RU,2021-03-04 04:46:47,57.5817,83.7692,15.22,90,100,12.53
424,Ladario,BR,2021-03-04 04:46:47,-19.0047,-57.6017,73.81,95,3,2.82
425,Impfondo,CG,2021-03-04 04:46:48,1.6381,18.0667,76.01,55,79,1.52
426,Curup,ID,2021-03-04 04:46:48,-3.4667,102.5333,87.94,46,90,1.48
427,Gladstone,AU,2021-03-04 04:46:49,-23.85,151.25,80.6,61,90,17.27
428,Kudahuvadhoo,MV,2021-03-04 04:46:49,2.6708,72.8944,82.06,61,29,7.63
429,Matagami,CA,2021-03-04 04:46:49,49.7502,-77.6328,-7.6,77,1,9.22
430,Usolye,RU,2021-03-04 04:46:50,59.4268,56.6808,16.63,97,99,6.22
431,Moerai,PF,2021-03-04 04:46:50,-22.4333,-151.3333,80.31,69,82,8.55
432,Humaita,BR,2021-03-04 04:46:50,-7.5061,-63.0208,71.06,98,89,1.81
433,Xam Nua,LA,2021-03-04 04:45:26,20.4197,104.0439,76.75,60,72,2.44
434,Kerouane,GN,2021-03-04 04:46:50,9.2667,-9.0167,73.96,82,18,3.38
435,Nemuro,JP,2021-03-04 04:46:51,43.3236,145.575,33.8,69,75,23.02
436,Tigil,RU,2021-03-04 04:46:51,57.8,158.6667,2.01,84,100,27.69
437,Cap-Aux-Meules,CA,2021-03-04 04:46:52,47.3821,-61.8597,21.2,100,100,26.46
438,Launceston,AU,2021-03-04 04:44:34,-41.45,147.1667,77.0,23,71,18.41
439,Igboho,NG,2021-03-04 04:46:52,8.8333,3.75,67.73,89,10,2.66
440,Saint-Leu,RE,2021-03-04 04:46:52,-21.15,55.2833,82.99,60,6,2.26
441,Plettenberg Bay,ZA,2021-03-04 04:46:53,-34.0527,23.3716,63.88,87,0,2.64
442,Shahrud,IR,2021-03-04 04:46:53,36.4182,54.9763,43.93,61,0,10.8
443,Dawei,MM,2021-03-04 04:46:53,14.0833,98.2,93.65,42,13,7.02
444,Pionerskiy,RU,2021-03-04 04:42:48,54.9508,20.2275,35.6,93,75,11.18
445,Kotlas,RU,2021-03-04 04:46:54,61.2611,46.6556,15.17,97,95,3.78
446,Elk River,US,2021-03-04 04:46:54,45.3038,-93.5672,33.01,79,99,3.62
447,Letchworth,GB,2021-03-04 04:46:54,51.9794,-0.2284,37.4,93,90,9.22
448,Svobodnyy,RU,2021-03-04 04:43:58,51.4,128.1333,10.0,91,100,10.29
449,Deming,US,2021-03-04 04:46:55,32.2687,-107.7586,66.2,15,75,9.22
450,Surgut,RU,2021-03-04 04:46:55,61.25,73.4167,14.0,85,40,8.95
451,Pinsk,BY,2021-03-04 04:46:56,52.1229,26.0951,33.22,94,0,11.05
452,Ust-Omchug,RU,2021-03-04 04:42:04,61.15,149.6333,-16.56,81,100,4.97
453,Presidente Venceslau,BR,2021-03-04 04:46:56,-21.8761,-51.8439,70.56,94,100,6.64
454,Poso,ID,2021-03-04 04:46:57,-1.3959,120.7524,81.48,67,100,3.11
455,Saitama,JP,2021-03-04 04:46:57,35.9081,139.6566,57.0,47,50,1.99
456,Port Hardy,CA,2021-03-04 04:42:14,50.6996,-127.4199,44.6,87,90,10.36
457,Havelock,US,2021-03-04 04:44:23,34.8791,-76.9013,44.01,93,1,4.29
458,Talavera De La Reina,ES,2021-03-04 04:46:58,39.9635,-4.8308,47.1,75,0,10.8
459,Hovd,MN,2021-03-04 04:46:58,48.0056,91.6419,23.81,55,0,1.95
460,Seminole,US,2021-03-04 04:46:58,28.7086,-81.2081,60.01,82,90,9.22
461,Shimanovsk,RU,2021-03-04 04:46:59,52.0,127.7,5.09,93,100,8.81
462,Beruwala,LK,2021-03-04 04:46:59,6.4788,79.9828,86.54,56,55,2.26
463,Ondarroa,ES,2021-03-04 04:47:00,43.3167,-2.4167,52.0,65,35,3.0
464,Nuuk,GL,2021-03-04 04:47:00,64.1835,-51.7216,41.0,48,93,18.41
465,Camacha,PT,2021-03-04 04:47:00,33.0833,-16.3333,59.0,82,40,4.61
466,Lugovoy,KZ,2021-03-04 04:47:01,42.9472,72.7644,38.84,89,60,7.4
467,Waipawa,NZ,2021-03-04 04:47:01,-41.4122,175.5153,69.8,56,89,18.41
468,Dalbandin,PK,2021-03-04 04:47:01,28.8947,64.4101,73.27,20,0,6.49
469,Whitianga,NZ,2021-03-04 04:44:49,-36.8333,175.7,75.99,77,52,3.0
470,Partanna,IT,2021-03-04 04:47:02,37.7278,12.8885,46.99,88,11,1.01
471,Kumeny,RU,2021-03-04 04:47:02,58.1089,49.9161,23.59,98,100,10.29
472,Burriana,ES,2021-03-04 04:47:03,39.889,-0.085,50.0,88,3,4.0
473,Shingu,JP,2021-03-04 04:47:03,33.7333,135.9833,62.6,42,75,11.5
474,Dali,CN,2021-03-04 04:47:04,25.7,100.1833,61.11,38,19,10.94
475,Ha Giang,VN,2021-03-04 04:47:04,22.8333,104.9833,70.88,67,89,4.14
476,Yabelo,ET,2021-03-04 04:47:04,4.8833,38.0833,63.66,57,64,26.69
477,Damara,CF,2021-03-04 04:47:04,4.9608,18.7035,68.0,88,0,2.04
478,Sidney,AU,2021-03-04 04:42:20,-33.8679,151.2073,82.4,34,0,8.05
479,Russell,US,2021-03-04 04:47:05,32.3502,-85.1999,51.8,93,1,5.32
480,San Patricio,US,2021-03-04 04:47:06,28.017,-97.5169,57.2,82,40,8.05
481,Saint Anthony,US,2021-03-04 04:43:28,45.0205,-93.218,39.2,56,90,3.44
482,Eureka,US,2021-03-04 04:42:12,40.8021,-124.1637,44.01,89,63,3.51
483,Bogo,PH,2021-03-04 04:47:07,11.0517,124.0055,84.88,68,99,12.62
484,Kidal,ML,2021-03-04 04:47:07,18.4411,1.4078,71.87,20,33,10.25
485,Nikolayevsk-Na-Amure,RU,2021-03-04 04:47:07,53.1406,140.73,13.96,93,100,3.71
486,Nuevitas,CU,2021-03-04 04:47:07,21.5453,-77.2644,71.6,88,1,4.61
487,Kahului,US,2021-03-04 04:45:26,20.8947,-156.47,71.6,68,20,18.41
488,Cavalcante,BR,2021-03-04 04:47:08,-13.7975,-47.4583,67.3,81,99,2.3
489,Milazzo,IT,2021-03-04 04:47:08,38.2212,15.2383,51.01,64,6,6.62
490,Gangawati,IN,2021-03-04 04:47:09,15.4333,76.5333,90.14,17,0,11.16
491,Sinnamary,GF,2021-03-04 04:47:09,5.3833,-52.95,76.53,87,81,10.87
492,Saint-Michel-Des-Saints,CA,2021-03-04 04:47:10,46.6834,-73.9159,3.65,92,4,7.2
493,Abbeville,FR,2021-03-04 04:47:10,50.1,1.8333,46.0,77,42,6.87
494,Kysyl-Syr,RU,2021-03-04 04:47:10,63.8986,122.7617,-22.88,91,100,8.5
495,Dicabisagan,PH,2021-03-04 04:47:10,17.0818,122.4157,80.64,72,41,5.08
496,Kamaishi,JP,2021-03-04 04:47:11,39.2667,141.8833,46.4,53,20,14.97
497,Lovozero,RU,2021-03-04 04:47:11,68.005,35.0117,14.05,96,100,2.91
498,Balclutha,NZ,2021-03-04 04:47:11,-46.2339,169.75,57.99,74,51,8.01
499,Lorengau,PG,2021-03-04 04:47:12,-2.0226,147.2712,82.47,80,60,13.06
500,Elizabeth City,US,2021-03-04 04:47:12,36.2946,-76.2511,41.0,75,1,4.45
501,Udachnyy,RU,2021-03-04 04:47:12,66.4167,112.4,-21.19,78,0,5.23
502,Rio Pardo De Minas,BR,2021-03-04 04:47:12,-15.6097,-42.5397,62.04,94,17,3.89
503,Zhenlai,CN,2021-03-04 04:47:13,45.8495,123.2973,39.96,68,100,3.18
504,Ciudad Bolivar,VE,2021-03-04 04:47:13,8.1222,-63.5497,76.08,77,16,11.86
505,Bolshaya Sosnova,RU,2021-03-04 04:47:14,57.6713,54.6029,14.25,96,95,9.57
506,Tongren,CN,2021-03-04 04:47:14,27.7172,109.1853,55.94,76,99,3.85
507,Choix,MX,2021-03-04 04:47:14,26.7092,-108.3219,69.55,24,78,2.93
508,Bafoulabe,ML,2021-03-04 04:47:14,13.8065,-10.8321,77.5,18,0,5.17
509,Yenagoa,NG,2021-03-04 04:47:15,4.9247,6.2642,77.38,92,100,2.3
510,Uspenka,UA,2021-03-04 04:47:15,48.3903,39.1619,32.07,92,0,13.0
511,Hurghada,EG,2021-03-04 04:47:15,27.2574,33.8129,55.4,50,0,9.22
512,Lazaro Cardenas,MX,2021-03-04 04:46:23,17.9583,-102.2,71.08,83,0,3.29
513,Thinadhoo,MV,2021-03-04 04:47:16,0.5333,72.9333,82.36,63,28,9.28
514,Mandal,IN,2021-03-04 04:47:16,25.45,74.5667,86.4,11,0,6.2
515,Mercedes,AR,2021-03-04 04:47:17,-34.6515,-59.4307,75.99,86,55,1.99
516,Bairnsdale,AU,2021-03-04 04:47:17,-37.8333,147.6167,73.99,51,38,5.01
517,Alofi,NU,2021-03-04 04:47:17,-19.0595,-169.9187,82.4,83,100,6.91
518,Nibong Tebal,MY,2021-03-04 04:47:18,5.1659,100.4779,87.8,66,20,9.22
519,Madison,US,2021-03-04 04:45:00,34.7334,-86.5667,46.0,93,1,3.24
520,Nuevo Progreso,MX,2021-03-04 04:47:18,23.1667,-97.95,60.01,81,52,1.01
521,Dubbo,AU,2021-03-04 04:47:18,-32.25,148.6167,84.2,24,75,12.66
522,Uyo,NG,2021-03-04 04:46:37,5.0333,7.9266,77.59,90,89,1.97
523,Zaragoza,ES,2021-03-04 04:47:19,41.6561,-0.8773,48.99,93,75,4.09
524,Zhanaozen,KZ,2021-03-04 04:47:19,43.3,52.8,34.0,72,85,16.11
525,Ulladulla,AU,2021-03-04 04:47:04,-35.35,150.4667,82.4,24,0,9.22
526,Shakiso,ET,2021-03-04 04:45:16,5.75,38.9167,63.64,52,47,7.85
527,Carbonia,IT,2021-03-04 04:47:20,39.1672,8.5222,52.0,100,40,4.61
528,Alekseyevka,RU,2021-03-04 04:47:20,50.6309,38.6903,31.21,96,80,15.08
529,Kawalu,ID,2021-03-04 04:47:20,-7.3817,108.2082,87.4,57,98,4.14
530,Gulu,UG,2021-03-04 04:47:21,2.7746,32.299,74.1,40,99,7.34
531,Toledo,ES,2021-03-04 04:47:21,39.8333,-4.0,46.0,93,0,2.3
532,Colares,PT,2021-03-04 04:47:21,38.7992,-9.4469,57.99,85,100,16.87
